Workbook

Sheet Raw_Data
A1: order_id | B1: date | C1: product | D1: quantity | E1: unit_price | F1: total | G1: region | H1: salesperson
A2: SO-1001 | B2: 46146 | C2: Mechanical Keyboard | D2: 6 | E2: 112.7 | F2: 676.2 | G2: North | H2: Sofia Kowalski
A3: SO-1002 | B3: 46199 | C3: USB-C Hub | D3: 6 | E3: 35.78 | F3: 214.68 | G3: South | H3: Sofia Kowalski
A4: SO-1003 | B4: 46089 | C4: Standing Desk | D4: 1 | E4: 111.15 | F4: 111.15 | G4: South | H4: Elena Cohen
A5: SO-1004 | B5: 46067 | C5: Webcam 1080p | D5: 1 | E5: 112.67 | F5: 112.67 | G5: East | H5: Omar Haddad
A6: SO-1005 | B6: 46075 | C6: Webcam 1080p | D6: 1 | E6: 54.09 | F6: 54.09 | G6: Central | H6: Sofia Kowalski
A7: SO-1006 | B7: 46040 | C7: Desk Lamp | D7: 4 | E7: 215.54 | F7: 862.16 | G7: West | H7: Omar Haddad
A8: SO-1007 | B8: 46125 | C8: Cable Organizer | D8: 3 | E8: 17.52 | F8: 52.56 | G8: East | H8: TomÃ¡s Tanaka
A9: SO-1008 | B9: 46148 | C9: Noise-Cancelling Headphones | D9: 6 | E9: 181.65 | F9: 1089.9 | G9: West | H9: Omar Haddad
A10: SO-1009 | B10: 46116 | C10: Laptop Stand | D10: 8 | E10: 28.72 | F10: 229.76 | G10: East | H10: Sofia Kowalski
A11: SO-1010 | B11: 46082 | C11: Ergonomic Chair | D11: 7 | E11: 143.97 | F11: 1007.79 | G11: East | H11: Priya Herrera
A12: SO-1011 | B12: 46049 | C12: Cable Organizer | D12: 7 | E12: 147.79 | F12: 1034.53 | G12: North | H12: Priya Herrera
A13: SO-1012 | B13: 46161 | C13: Wireless Mouse | D13: 5 | E13: 206.67 | F13: 1033.35 | G13: North | H13: Chen Bennett
... A241: SO-1240 | B241: 46116 | C241: Webcam 1080p | D241: 6 | E241: 160.47 | F241: 962.82 | G241: Central | H241: Chen Bennett

Sheet Analysis
A1: Retail Sales Analysis
A3: KPI | B3: Value
A4: Total Sales | B4: =SUM(Raw_Data!F:F) -> 142437.14
A5: Total Quantity | B5: =SUM(Raw_Data!D:D) -> 1108
A6: Average Sales | B6: =AVERAGE(Raw_Data!F:F) -> 593.48808
A7: Total Orders | B7: =COUNTA(Raw_Data!A:A)-1 -> 240
A10: Sales by Region | D10: Orders by Region | G10: Average Sales by Region
A11: Region | B11: Sales | D11: Region | E11: Orders | G11: Region | H11: Average Sales
A12: Central | B12: =SUMIFS(Raw_Data!F:F,Raw_Data!G:G,A12) -> 30787.94 | D12: Central | E12: =COUNTIFS(Raw_Data!G:G,D12) -> 50 | G12: Central | H12: =AVERAGEIFS(Raw_Data!F:F,Raw_Data!G:G,G12) -> 615.7588
A13: East | B13: =SUMIFS(Raw_Data!F:F,Raw_Data!G:G,A13) -> 26485.82 | D13: East | E13: =COUNTIFS(Raw_Data!G:G,D13) -> 52 | G13: East | H13: =AVERAGEIFS(Raw_Data!F:F,Raw_Data!G:G,G13) -> 509.34269
A14: North | B14: =SUMIFS(Raw_Data!F:F,Raw_Data!G:G,A14) -> 28925 | D14: North | E14: =COUNTIFS(Raw_Data!G:G,D14) -> 46 | G14: North | H14: =AVERAGEIFS(Raw_Data!F:F,Raw_Data!G:G,G14) -> 628.80435
A15: South | B15: =SUMIFS(Raw_Data!F:F,Raw_Data!G:G,A15) -> 30083.51 | D15: South | E15: =COUNTIFS(Raw_Data!G:G,D15) -> 42 | G15: South | H15: =AVERAGEIFS(Raw_Data!F:F,Raw_Data!G:G,G15) -> 716.27405
A16: West | B16: =SUMIFS(Raw_Data!F:F,Raw_Data!G:G,A16) -> 26154.87 | D16: West | E16: =COUNTIFS(Raw_Data!G:G,D16) -> 50 | G16: West | H16: =AVERAGEIFS(Raw_Data!F:F,Raw_Data!G:G,G16) -> 523.0974

Sheet PT_Region
A1: Region | B1: Sum of Total
A2: Central | B2: 30787.94
A3: South | B3: 30083.51
A4: North | B4: 28925
A5: East | B5: 26485.82
A6: West | B6: 26154.87

Sheet PT_Product
A1: Product | B1: Sum of Total
A2: Laptop Stand | B2: 18713.9
A3: Webcam 1080p | B3: 16809.84
A4: Cable Organizer | B4: 16142.37
A5: Wireless Mouse | B5: 14290.77
A6: External SSD 1TB | B6: 12103.9
A7: Noise-Cancelling Headphones | B7: 10674.32
A8: Ergonomic Chair | B8: 10624.93
A9: Desk Lamp | B9: 10445.8
A10: Mechanical Keyboard | B10: 9513.33
A11: 27-inch Monitor | B11: 8509.33
A12: USB-C Hub | B12: 8082.1
A13: Standing Desk | B13: 6526.55

Sheet PT_Monthly
A1: Month | B1: Sum of Total
A2: 2026-01 | B2: 24177.45
A3: 2026-02 | B3: 13788.89
A4: 2026-03 | B4: 19390.28
A5: 2026-04 | B5: 23471.38
A6: 2026-05 | B6: 24885.97
A7: 2026-06 | B7: 36723.17

Sheet PT_Salesperson
A1: Salesperson | B1: Sum of Total
A2: Priya Herrera | B2: 28195.51
A3: Sofia Kowalski | B3: 24885.19
A4: TomÃ¡s Tanaka | B4: 24112.18
A5: Omar Haddad | B5: 22989.34
A6: Elena Cohen | B6: 21737.26
A7: Chen Bennett | B7: 20517.66

Sheet PT_Quantity_Region
A1: Region | B1: Sum of Quantity
A2: South | B2: 230
A3: North | B3: 225
A4: West | B4: 224
A5: Central | B5: 215
A6: East | B6: 214

Sheet Summary
A1: Retail Sales — Task 6 Submission Summary
A3: Task | B3: Excel Formulas & Functions Fundamentals
A4: Dataset | B4: Retail Sales Dataset
A5: Records | B5: 240
A6: Total Sales | B6: 142437.14
A7: Functions demonstrated | B7: XLOOKUP, VLOOKUP, IF, SUMIFS, COUNTIFS, LEFT, RIGHT, LEN
A8: Workbook sheets | B8: Raw_Data, Analysis, Formula_Practice, PT_Region, PT_Product, PT_Monthly, PT_Salesperson, PT_Quantity_Region, Summary
A11: Key interview answers
A12: SUMIF vs SUMIFS | B12: SUMIF handles one condition; SUMIFS handles multiple conditions.
A13: Why XLOOKUP over VLOOKUP? | B13: XLOOKUP can look left or right and does not depend on a fixed column index.
A14: When use INDEX/MATCH? | B14: Useful when flexible lookup logic is needed, especially in older Excel versions or complex lookup models.

Sheet Formula_Practice
A1: Task 6 — Excel Formulas & Functions Fundamentals
A2: Live examples using the Retail Sales dataset
F3: Expected Result
A4: XLOOKUP | B4: Input Order ID | C4: SO-1001 | D4: Result / Product | E4: =_xlfn.XLOOKUP(C4,Raw_Data!A:A,Raw_Data!C:C,"Not Found") -> Mechanical Keyboard | F4: Mechanical Keyboard
A5: VLOOKUP | B5: Input Order ID | C5: SO-1001 | D5: Result / Product | E5: =VLOOKUP(C5,Raw_Data!A:H,3,FALSE) -> Mechanical Keyboard | F5: Mechanical Keyboard
A6: IF | B6: Total | C6: =Raw_Data!F2 -> 676.2 | D6: Classification | E6: =IF(C6>=500,"High","Low") -> High | F6: High
A7: SUMIFS | B7: Region | C7: Central | D7: Sales for Region | E7: =SUMIFS(Raw_Data!F:F,Raw_Data!G:G,C7) -> 30787.94 | F7: 30787.94
A8: COUNTIFS | B8: Region | C8: Central | D8: Orders in Region | E8: =COUNTIFS(Raw_Data!G:G,C8) -> 50 | F8: 50
A10: Text Functions
A11: Product | B11: LEFT (5) | C11: RIGHT (5) | D11: LEN | F11: Example Result
A12: =Raw_Data!C2 -> Mechanical Keyboard | B12: =LEFT(A12,5) -> Mecha | C12: =RIGHT(A12,5) -> board | D12: =LEN(A12) -> 19 | F12: Mecha | board | 19
A14: Function | B14: When to use
A15: XLOOKUP | B15: Find a value and return a related value from another column.
A16: VLOOKUP | B16: Search the first column of a table and return a value from another column.
A17: IF | B17: Return different results based on a condition.
A18: SUMIFS | B18: Add values that meet one or more conditions.
A19: COUNTIFS | B19: Count records that meet one or more conditions.
A20: LEFT / RIGHT / LEN | B20: Extract characters or count characters in text.
